Customer ID,Name,Gender,Age,Country,Continent,City
CUST1,Vicki Wright,Female,26,Panama,Europe,Port John
CUST2,Stephanie Castro,Female,49,Madagascar,North America,Joshuafort
CUST3,Ronald Graham,Male,56,Cote d'Ivoire,South America,East Shannon
CUST4,David White,Female,60,United Arab Emirates,Europe,Omarmouth
CUST5,Jerry Gonzalez,Female,21,British Indian Ocean Territory (Chagos Archipelago),Europe,New Maryside
CUST6,John Jordan,Male,56,Cameroon,Africa,South Ashley
CUST7,Kevin Kaiser,Female,34,Saint Barthelemy,Asia,Schmidthaven
CUST8,Stacey Jimenez,Male,39,Iraq,North America,Bennettview
CUST9,Zachary Williams,Male,60,Saint Vincent and the Grenadines,South America,Crawfordport
CUST10,Casey Clark,Male,28,Morocco,Oceania,Port Brandontown
CUST11,James Mills,Male,36,Palestinian Territory,North America,Lake Daltonton
CUST12,Jared Johnson,Male,36,Guatemala,Asia,Oscarberg
CUST13,Matthew Cherry Jr.,Female,22,Honduras,Asia,Port Jasmineport
CUST14,Kristy Lin,Female,32,Moldova,Oceania,Griffinville
CUST15,Karen Oliver,Male,58,Panama,South America,Andreaberg
CUST16,Dana Campbell,Male,37,Poland,Asia,North Ronnie
CUST17,Michael Garrett,Male,43,Swaziland,Oceania,Baldwinton
CUST18,Chase Kaufman,Female,57,United States Minor Outlying Islands,Africa,West Brianfurt
CUST19,Christine Shaffer,Male,62,Libyan Arab Jamahiriya,Africa,Kennedyburgh
CUST20,Felicia Castillo,Female,18,Kenya,South America,North Jose
CUST21,Mark Washington,Male,28,Samoa,North America,Ramirezfurt
CUST22,Brian Jones,Female,50,Ukraine,Europe,Port Shane
CUST23,Caitlin Parker,Female,64,French Polynesia,Africa,South Davidborough
CUST24,Sarah Kelley,Female,67,Denmark,Oceania,North Robert
CUST25,Rachael Rodriguez,Male,25,Niue,North America,Clintonfurt
CUST26,Jamie Daniel,Female,22,Martinique,Europe,Blakeside
CUST27,Audrey Waller,Female,42,Vietnam,South America,Jeffreymouth
CUST28,Nicholas Rojas,Male,47,Taiwan,South America,Smithside
CUST29,Carl Armstrong,Male,54,Russian Federation,Asia,Leonardmouth
CUST30,Rachel Morales,Female,35,Netherlands Antilles,Europe,Christensenport
CUST31,Tamara Ball,Female,54,Uzbekistan,South America,Troyfort
CUST32,Christopher Anderson,Female,58,Switzerland,Africa,West Joshua
CUST33,Jacqueline Petty,Male,63,Macao,South America,Stephaniemouth
CUST34,Mark Ross,Male,35,Norfolk Island,North America,Perrystad
CUST35,Alex Bishop,Female,24,Mexico,Europe,Vanessaville
CUST36,Barbara Smith,Female,26,Faroe Islands,Africa,West Danielletown
CUST37,John Chaney MD,Male,42,Venezuela,Asia,East Anne
CUST38,Bradley Price,Male,57,Cameroon,Europe,Kristychester
CUST39,Megan Alexander,Female,36,United Arab Emirates,Asia,South Jenniferburgh
CUST40,Gregory Burns,Female,35,Argentina,South America,Glennfort
CUST41,John Gould,Female,28,Myanmar,Oceania,South Micheleville
CUST42,Briana Hancock,Male,44,Tokelau,South America,New Alicia
CUST43,George Wells,Male,28,Angola,Asia,Port Sarah
CUST44,Joseph Cochran,Male,62,Swaziland,North America,Jeffreyburgh
CUST45,Jessica Smith,Male,18,Liechtenstein,Oceania,North Ericaberg
CUST46,Jamie Horne,Female,56,Czech Republic,Asia,Richardhaven
CUST47,Laura Scott,Female,62,Trinidad and Tobago,Asia,Phillipsview
CUST48,Jennifer Rogers,Male,69,Indonesia,North America,New Jean
CUST49,Steven Lawson,Male,37,Armenia,Asia,Jasonberg
CUST50,Christopher Clark,Male,55,Tanzania,Europe,Williamsfort
CUST51,Jillian Wright,Male,18,Seychelles,Asia,Nelsonborough
CUST52,Christina Mcclure,Male,57,French Polynesia,South America,North Sharon
CUST53,Victoria Ewing,Female,29,Lebanon,Africa,North Joseph
CUST54,Margaret Ray,Male,59,Latvia,North America,Bradfordborough
CUST55,Maria Jones,Female,50,Saint Martin,Asia,South Angela
CUST56,Peter Johnson,Male,38,Israel,Asia,Tiffanyberg
CUST57,Jordan Robinson,Male,23,Slovenia,Oceania,Devonborough
CUST58,Steven Clark,Male,58,Iran,Africa,East Jasontown
CUST59,Marissa Ramirez,Male,38,Montserrat,Asia,Chasetown
CUST60,Craig Clark,Male,25,Poland,Europe,Kellyview
CUST61,David Valdez,Male,35,Venezuela,Africa,Alexanderberg
CUST62,Jeffrey Anderson,Male,58,Puerto Rico,Asia,East Dale
CUST63,Alice Fisher,Male,23,Turkmenistan,Oceania,Oneillberg
CUST64,Susan Reed,Male,28,Sweden,Oceania,Duanefort
CUST65,Lindsey Reynolds,Male,33,Fiji,Oceania,Jennifermouth
CUST66,Lauren Price,Male,29,Svalbard & Jan Mayen Islands,South America,Port Deborah
CUST67,Nicholas Williams,Male,69,Kuwait,Africa,Meganshire
CUST68,Angela Duffy,Male,45,Saint Vincent and the Grenadines,Asia,Smithshire
CUST69,Brian Holloway,Female,56,India,South America,West Robert
CUST70,Robert Anderson,Female,29,Guinea,Asia,West Christopher
CUST71,Tina David,Male,51,Andorra,Africa,Lake Lindsay
CUST72,Charles Logan,Female,56,Comoros,Africa,Port George
CUST73,Kevin Lambert,Female,43,Slovakia (Slovak Republic),Asia,Ryanton
CUST74,Matthew Macias,Male,44,Moldova,South America,Lake Lauramouth
CUST75,Christopher Holland,Male,54,Thailand,South America,North Davidhaven
CUST76,Kathleen Gonzales,Female,53,Mexico,South America,South William
CUST77,Melanie Roberts,Female,21,Guadeloupe,South America,East Cole
CUST78,James Weaver,Female,26,Russian Federation,South America,West Elizabethchester
CUST79,Sarah Yates,Female,18,Zambia,North America,Kimberg
CUST80,James Reese,Male,48,Uganda,Asia,Lake Richard
CUST81,Cindy Young,Female,55,Iceland,Oceania,Clementsshire
CUST82,Natasha Fuller,Male,47,Uganda,Africa,East Josephshire
CUST83,Pamela Kim,Male,67,Macao,Europe,Courtneyland
CUST84,Nancy Perez,Female,59,French Polynesia,Europe,North Adamchester
CUST85,Maria Mack,Female,44,Sao Tome and Principe,Oceania,Bradleyberg
CUST86,Melissa Parker,Male,44,Bermuda,Europe,Kristaville
CUST87,Kara Gomez,Female,38,Saint Martin,Europe,Roberttown
CUST88,Joseph Hughes,Male,39,Comoros,Oceania,West Timothy
CUST89,Jake Navarro,Male,28,Somalia,South America,Rangelton
CUST90,Jacob Benjamin,Male,33,British Indian Ocean Territory (Chagos Archipelago),North America,West Nancyton
CUST91,Kelly Irwin,Male,25,Guatemala,Africa,Contrerasfurt
CUST92,Glenda Crawford,Male,20,Tajikistan,South America,Whiteland
CUST93,Rodney Hoffman,Male,70,Dominica,Europe,Anthonyfurt
CUST94,Kara Lyons,Female,30,New Caledonia,Oceania,Bethland
CUST95,Kyle Johnson,Male,18,Ecuador,Europe,Port Lindsay
CUST96,Shelby Smith,Male,31,Poland,South America,New Kelly
CUST97,Brad Smith,Female,31,Mongolia,Africa,Jonesport
CUST98,Jason Pineda,Male,48,Pakistan,Asia,Elizabethfurt
CUST99,Stephen Alvarez,Male,66,Central African Republic,North America,Kimberlyland
CUST100,Jay Turner,Male,54,San Marino,Europe,Port Ericfurt
CUST101,Matthew Shaw,Male,32,Cyprus,Europe,Curtisbury
CUST102,Joseph Diaz,Male,69,Tonga,Africa,Port Kellieton
CUST103,Ronald Williams,Female,45,Australia,South America,Lake Jose
CUST104,Elizabeth Calhoun,Female,58,Jamaica,South America,North Matthew
CUST105,Mrs. Jamie Smith,Female,36,Gibraltar,North America,East Alexandra
CUST106,Lisa Merritt,Female,36,Mali,Europe,New Ericshire
CUST107,Valerie Martinez,Male,29,Guadeloupe,Oceania,Brownberg
CUST108,Chelsea Burns,Female,26,Dominica,Africa,Donaldsonfort
CUST109,James Burton,Female,52,Namibia,North America,South Bethanystad
CUST110,Hannah Gates,Male,57,Rwanda,North America,West David
CUST111,Luke Miller,Male,22,Costa Rica,South America,East Benjaminbury
CUST112,Paul Jordan,Female,50,Yemen,Africa,Amyburgh
CUST113,Andrew Brown,Male,41,Albania,Africa,Joshuastad
CUST114,Bruce Paul,Female,28,Angola,North America,Ramirezburgh
CUST115,Timothy Schmidt,Male,24,Suriname,Oceania,West Andrea
CUST116,David Brown Jr.,Male,40,Belarus,Oceania,East Todd
CUST117,Ashley Garza,Male,21,Senegal,Africa,Jeffreyfort
CUST118,Kyle Stewart,Male,19,Palestinian Territory,Oceania,Davidtown
CUST119,Carolyn Jensen,Female,69,Jordan,North America,North Tarahaven
CUST120,Cheryl Dominguez,Male,18,Gambia,Africa,Quinnbury
CUST121,Sheila Cooper,Female,20,Thailand,Asia,South Elizabeth
CUST122,Craig Thomas,Male,50,Kazakhstan,Asia,South Michael
CUST123,Logan Wheeler,Female,48,Puerto Rico,Africa,Lake Mollyton
CUST124,Steven Gonzalez,Male,46,Lao People's Democratic Republic,North America,Kington
CUST125,Michelle Woods,Male,38,Bangladesh,North America,Lake Stephanie
CUST126,Chris Young,Male,55,Trinidad and Tobago,North America,South Ashleyville
CUST127,James Nguyen,Female,63,Moldova,Oceania,Smithside
CUST128,Michael Smith,Female,47,Isle of Man,Europe,New Richardhaven
CUST129,Jeffrey Williams,Female,35,Canada,South America,New Joshuafurt
CUST130,Christina Moore,Male,70,Sierra Leone,Africa,West Eric
CUST131,Jill Velasquez,Female,70,Trinidad and Tobago,Europe,Gibbshaven
CUST132,Ann Castillo,Female,36,United States of America,Africa,Port Misty
CUST133,Richard Estes,Female,38,Poland,Oceania,Hamiltonfort
CUST134,Benjamin Snyder,Female,45,Kenya,Oceania,New Victoria
CUST135,Natasha Oliver,Female,35,Zambia,South America,Crystalchester
CUST136,Sarah Morton,Male,52,Maldives,North America,Cannonstad
CUST137,Joseph Williams,Male,57,Jordan,North America,New Sarahmouth
CUST138,Jessica Oliver,Female,31,Brazil,Asia,Lake Patricia
CUST139,Gregory Walker,Male,66,Fiji,South America,Chambersmouth
CUST140,Rebecca Rodriguez,Female,42,Cote d'Ivoire,North America,Alexanderberg
CUST141,Lisa Gallegos,Female,36,Aruba,Oceania,Jerryport
CUST142,Tracy Garcia DDS,Female,33,Ethiopia,Europe,Port Amymouth
CUST143,Christopher Wolf,Female,59,Cook Islands,Oceania,Gilmoreberg
CUST144,Rebecca Ryan,Male,34,Sri Lanka,North America,East Jackfurt
CUST145,Shirley Gill,Male,41,Gambia,North America,Garybury
CUST146,Jason Hernandez,Female,22,Anguilla,Africa,Lake Johnny
CUST147,Kenneth Clark,Male,66,Honduras,North America,North Edwintown
CUST148,John Macias,Male,54,Ireland,Oceania,Bryceton
CUST149,Elizabeth Banks MD,Female,32,Trinidad and Tobago,South America,Alexandramouth
CUST150,David Williams,Male,54,French Southern Territories,South America,East Melissa
CUST151,Katherine Graves,Female,59,San Marino,North America,South Michaelburgh
CUST152,Jennifer Hill,Male,58,Tunisia,Africa,New Denise
CUST153,Sarah Brown,Male,59,Uzbekistan,Asia,South Carolberg
CUST154,Andrew Williams,Male,26,Algeria,North America,Taylorstad
CUST155,Emily Garcia,Female,39,Wallis and Futuna,Africa,New Kimberlyland
CUST156,Michael Gomez,Male,67,Syrian Arab Republic,South America,New Jenniferhaven
CUST157,Kimberly Moody,Female,25,Ukraine,Oceania,Port Philliphaven
CUST158,Haley Castro,Female,66,Antarctica (the territory South of 60 deg S),Europe,Bullockmouth
CUST159,Courtney Adkins,Female,30,Bosnia and Herzegovina,Africa,New Jared
CUST160,Wendy Rodriguez,Male,26,Tokelau,Africa,New Jordanmouth
CUST161,David Poole,Female,51,Mexico,Asia,Rodneyfort
CUST162,Jerome Benjamin,Female,53,Russian Federation,Oceania,East Robin
CUST163,Anna Poole,Male,30,Solomon Islands,Oceania,Parksmouth
CUST164,Robert Collins,Female,42,Turkmenistan,Asia,Smithfort
CUST165,Joseph Williams,Male,64,Saint Martin,Asia,Marthastad
CUST166,Richard Murphy,Female,32,Western Sahara,Asia,East Valerie
CUST167,Charles Johnson,Female,49,Rwanda,Oceania,Mckaybury
CUST168,Christine Beltran,Male,70,Timor-Leste,North America,West Anthony
CUST169,Joshua Franco,Female,53,Botswana,Africa,South Lindachester
CUST170,Joshua Snyder,Female,36,South Africa,North America,Ericberg
CUST171,Alison Taylor,Female,62,El Salvador,Africa,Aliciabury
CUST172,Edward Garrett,Female,30,Austria,Oceania,Kelseyville
CUST173,Emily Hale,Female,54,Malawi,South America,Piercestad
CUST174,Joseph Williams,Female,20,Kuwait,Africa,Wandashire
CUST175,Amanda Ramirez,Male,36,Israel,North America,Dawnfort
CUST176,Jordan Wheeler,Male,44,Guyana,Africa,Millerport
CUST177,Edward Flores,Male,49,Burkina Faso,Oceania,Hopkinston
CUST178,Jennifer Park,Male,66,Sudan,Asia,West Travischester
CUST179,Frances Jones,Female,61,Hungary,South America,Lake John
CUST180,Brian Frederick,Male,68,Spain,North America,Connerfort
CUST181,Jacqueline Schultz,Female,47,Iceland,Asia,Racheltown
CUST182,Meghan Hayes,Male,21,Maldives,Oceania,Salazarshire
CUST183,Holly Warren,Female,60,Argentina,Asia,East Sarah
CUST184,Krystal Page,Female,44,Mexico,North America,North Amyville
CUST185,Jacob King,Female,57,Botswana,South America,Port Amberburgh
CUST186,Jessica Bennett,Male,55,Samoa,Oceania,Orrborough
CUST187,Jeffery Curry,Male,40,Tokelau,South America,Justinfurt
CUST188,Samuel Thompson,Male,69,Bouvet Island (Bouvetoya),Oceania,Copelandport
CUST189,Ethan Wood,Male,63,Sweden,Oceania,South Robertoton
CUST190,Timothy Castaneda,Male,59,Aruba,Africa,Erikstad
CUST191,Casey Campbell,Male,56,French Polynesia,Europe,Franceshaven
CUST192,Sean Warren,Female,51,Slovakia (Slovak Republic),Africa,Wadeland
CUST193,Wayne Cross,Female,31,Algeria,North America,New Kathleen
CUST194,Brian Stevenson,Male,65,Tanzania,Europe,Harveyview
CUST195,James Guerrero,Female,21,Namibia,Asia,Muellerhaven
CUST196,Julia Serrano DDS,Male,53,Mayotte,South America,North Donald
CUST197,Mrs. Gina Rhodes,Male,54,American Samoa,South America,New Joseph
CUST198,Samuel Ellis,Female,63,Lesotho,Asia,Hillburgh
CUST199,Luke Thomas,Female,29,French Southern Territories,Africa,Lindseyton
CUST200,Jonathan Wiggins,Female,51,Sri Lanka,Africa,Port Christophertown
CUST201,Erica Kemp,Female,47,New Caledonia,Oceania,West Jasonland
CUST202,Victor Roberts,Male,49,Singapore,South America,South Darlene
CUST203,Michael Weeks,Female,69,Mauritius,Europe,East Timothyland
CUST204,Mark Harris,Male,24,Madagascar,Asia,South Joshua
CUST205,Meghan Yang,Male,69,Croatia,Europe,Hancockton
CUST206,Jeffrey Holmes,Male,60,Guernsey,Africa,Jordanhaven
CUST207,Jennifer Wilson,Male,65,Haiti,South America,East Thomasbury
CUST208,Brenda Alvarez,Male,39,Comoros,Oceania,West Andrewburgh
CUST209,Wyatt Acosta,Male,32,Tokelau,Africa,Moralesfurt
CUST210,Denise Fleming,Female,63,Gibraltar,South America,Jamesside
CUST211,Amy Johnson,Male,36,Angola,Europe,East Jessicaburgh
CUST212,Elizabeth Williams,Male,53,Cambodia,Europe,Norrisborough
CUST213,Theresa Jensen,Male,57,Guinea,Oceania,Hobury
CUST214,Rebekah Hernandez,Male,50,Cambodia,Oceania,Robertton
CUST215,Rachel Smith,Male,56,Moldova,Africa,North Mark
CUST216,Paula Bruce,Female,58,United Arab Emirates,Europe,Michaelfort
CUST217,Rhonda Anderson,Female,64,Turkey,Africa,Vasquezton
CUST218,Chase Clayton,Female,43,Palau,South America,Markburgh
CUST219,Jeff Grant,Male,20,Honduras,Europe,Krystalberg
CUST220,Stephen Robinson,Male,53,Tunisia,Oceania,Sarahfurt
CUST221,Joshua Mcdonald,Male,38,Nepal,South America,South Tony
CUST222,Lisa Stevens,Female,43,Norway,Oceania,Grahamville
CUST223,Alexander Burns,Male,33,Kenya,Europe,Oconnorland
CUST224,Ronnie Watson,Male,57,Paraguay,Asia,East Daniel
CUST225,Robert Bradford,Female,52,Niue,Europe,North Mary
CUST226,Jessica Joseph,Female,52,Australia,Oceania,North Kevin
CUST227,Regina Fowler,Female,53,Hong Kong,South America,Raymondton
CUST228,Tammy Fernandez,Female,50,Sweden,North America,Lake Jonathanbury
CUST229,Frances Anderson,Female,28,Cambodia,Europe,Millermouth
CUST230,Michael Smith,Male,25,Ethiopia,North America,Reneemouth
CUST231,Jason Wright,Male,51,Antarctica (the territory South of 60 deg S),North America,Pattonburgh
CUST232,Jennifer Campbell,Male,46,Niger,Africa,East Beth
CUST233,Cristian Griffin,Female,57,Brazil,South America,East Dawntown
CUST234,Ashley Dunn,Male,23,Cyprus,Asia,Gonzaleschester
CUST235,James Clark,Male,19,Chad,South America,North Sarah
CUST236,Leslie Gonzalez,Female,37,Belgium,Europe,Boylemouth
CUST237,Christopher Williams,Female,49,Saint Vincent and the Grenadines,South America,Sanchezhaven
CUST238,Yvonne Acosta,Female,68,Guam,Asia,Michaelfort
CUST239,Miss Cynthia Park,Female,18,Vietnam,Europe,Vasquezville
CUST240,Dale Padilla,Female,43,Kenya,Oceania,New Joyce
CUST241,Terry Collins,Female,57,Australia,Oceania,Lake Jamesmouth
CUST242,John Johnson,Female,66,Armenia,Europe,New Joseph
CUST243,Nicholas Lynn,Male,31,Jamaica,Africa,East Kevinside
CUST244,Laura Scott,Male,46,Bouvet Island (Bouvetoya),Asia,South John
CUST245,Scott Lopez,Male,38,Chile,Europe,Melissamouth
CUST246,Danielle Phillips,Female,50,Iran,Africa,Port Davidborough
CUST247,Joseph Myers,Female,45,Denmark,Asia,Maryburgh
CUST248,David Brown,Male,55,Congo,Asia,Jeffreyview
CUST249,Samuel Price,Female,40,Slovakia (Slovak Republic),Europe,East Alexandra
CUST250,Marcus Rosales MD,Female,62,Colombia,Africa,New Jessicaberg
CUST251,Anthony Martinez,Male,49,Turks and Caicos Islands,Europe,Rachelshire
CUST252,Maria Cole,Male,50,Guadeloupe,Asia,East Stevenfurt
CUST253,John Lopez,Female,31,Jamaica,North America,Cookview
CUST254,Jason Nguyen,Female,67,Cuba,Asia,West Victoria
CUST255,Courtney Adams,Female,35,Greenland,Europe,East Rodneystad
CUST256,Craig Hines,Female,33,Chile,Africa,Port Desireemouth
CUST257,Michael Miller,Male,32,United States of America,Oceania,Kimberlystad
CUST258,Chad Reed,Male,34,Saint Pierre and Miquelon,Oceania,Andreaberg
CUST259,Mr. Andrew Lewis,Male,57,Senegal,South America,Santiagoport
CUST260,Kelly Solis,Female,62,British Indian Ocean Territory (Chagos Archipelago),South America,Hillville
CUST261,James King,Female,28,Guernsey,North America,East Erinbury
CUST262,April Aguilar,Male,54,Swaziland,Oceania,Jonesborough
CUST263,Kimberly Hanna,Female,64,Iceland,South America,Leetown
CUST264,Melinda Miller,Male,56,Ireland,Asia,Johntown
CUST265,Chelsea Newton,Male,39,Cayman Islands,North America,Lake Rebeccashire
CUST266,Ashley Walker,Female,28,Congo,South America,West Colleenport
CUST267,Debra Smith,Male,56,Cyprus,Africa,Port Kendra
CUST268,Tommy Austin,Male,36,Greenland,Africa,Alexandermouth
CUST269,Adam Morales,Female,58,Djibouti,North America,East Heather
CUST270,Justin Dillon,Male,30,Nauru,Oceania,East Victorfort
CUST271,Samantha Ortega,Female,53,Tunisia,Africa,East Dennis
CUST272,Rachel Love,Male,30,Turks and Caicos Islands,Africa,West Tina
CUST273,Samantha Rojas,Female,41,Venezuela,North America,Davisstad
CUST274,Hayley Barker,Male,65,Isle of Man,Europe,Cowanbury
CUST275,Sheryl Medina,Female,48,Guadeloupe,Asia,Brandonburgh
CUST276,Jeff Bryant,Male,52,United Arab Emirates,Africa,Jonathanfort
CUST277,Daniel Fisher,Male,30,Djibouti,Europe,South Brandy
CUST278,Elizabeth Edwards,Male,35,Austria,Africa,East Gabrielleshire
CUST279,Tony Cox,Female,61,Ukraine,Oceania,West Alberttown
CUST280,Tammy Boyd,Male,30,Solomon Islands,Europe,Samanthaburgh
CUST281,Ronald Hardy,Female,51,Chile,North America,Evansborough
CUST282,Gabriel Evans,Female,32,Christmas Island,Europe,Riveratown
CUST283,Mary Medina,Female,52,Australia,South America,Laceytown
CUST284,Anthony Kennedy,Female,69,Panama,Oceania,Davidville
CUST285,Andrew Brown,Female,33,Northern Mariana Islands,South America,South Fredmouth
CUST286,Robert Foster,Male,19,Saint Helena,Africa,West Thomasview
CUST287,Richard Schultz,Female,53,Macao,Oceania,New Jennifer
CUST288,Caroline Romero,Female,25,Kenya,Europe,North Crystalton
CUST289,Karen Morgan,Female,47,Lebanon,Asia,Ryanland
CUST290,Jordan Stewart,Male,18,Luxembourg,Oceania,Davidstad
CUST291,Keith Foster,Male,25,Philippines,Oceania,Amberside
CUST292,Matthew Mills,Male,32,Sao Tome and Principe,Europe,Georgetown
CUST293,Daniel Stanley,Male,38,Cape Verde,Asia,Tracymouth
CUST294,Amber Beasley,Female,51,Morocco,Asia,East Kaylashire
CUST295,Barry Villa,Male,55,Belize,Oceania,Heatherberg
CUST296,Amanda Jones,Male,35,Saudi Arabia,North America,Wilsonport
CUST297,Rebecca Phillips DDS,Male,61,Gibraltar,Oceania,Brianland
CUST298,Kim Sanchez,Male,61,Namibia,Europe,South Robertfurt
CUST299,Cassie Ortiz,Male,25,Norway,Oceania,North Coryside
CUST300,Thomas Mckinney,Male,65,Kuwait,Europe,Lake Michelle
CUST301,Andrea Martin,Male,42,Slovenia,South America,Hermanborough
CUST302,Julie Gibson,Male,64,Mozambique,North America,North John
CUST303,Jonathan Kelly,Male,21,Guatemala,Oceania,North Danielle
CUST304,Matthew Jones,Female,67,Finland,Asia,North Williamfort
CUST305,Jennifer Carroll,Male,52,Reunion,Oceania,Stewartburgh
CUST306,Michael Ramos,Female,23,Lao People's Democratic Republic,Oceania,North Danielshire
CUST307,Tommy Wells,Female,36,France,South America,West Christinashire
CUST308,Heather Terry,Female,18,Bolivia,Oceania,Jesuschester
CUST309,Joshua Clark,Female,32,Jersey,Africa,New Brandi
CUST310,Maxwell Black,Female,58,Turkmenistan,Asia,Perryburgh
CUST311,Oscar Grant,Female,42,Nepal,Oceania,Marcland
CUST312,Audrey Blanchard,Male,42,British Indian Ocean Territory (Chagos Archipelago),South America,Whitebury
CUST313,Shannon Reeves,Female,19,Faroe Islands,Africa,Davidfurt
CUST314,Bradley Haley,Male,29,Nepal,Asia,Port John
CUST315,Jeremy Mack,Female,18,South Georgia and the South Sandwich Islands,Europe,South Rodney
CUST316,Wendy Johnson,Female,58,Russian Federation,Asia,Rubenhaven
CUST317,Sharon Burns,Female,26,Thailand,Asia,Howardchester
CUST318,Jason Davis,Female,45,Zambia,Oceania,Hernandezfort
CUST319,Jeremy Crawford,Male,63,Congo,Oceania,Lisaview
CUST320,Travis Hernandez,Male,54,Isle of Man,South America,South Amberbury
CUST321,Shelley Allen,Male,69,Moldova,Europe,East Michelle
CUST322,Mary Jackson,Female,34,Colombia,Oceania,Port Moniqueville
CUST323,Lisa Richardson,Male,18,Northern Mariana Islands,South America,East Christine
CUST324,Christopher Miranda,Female,36,Chad,Africa,North Markbury
CUST325,Brian Martinez,Male,23,Ireland,Oceania,South David
CUST326,Susan Oconnor,Male,67,Sierra Leone,Oceania,Harrisfurt
CUST327,Bob Greene,Female,58,Nigeria,Asia,Port Greg
CUST328,Tiffany Farrell,Male,52,Liberia,Asia,East Danielleburgh
CUST329,Donald Kennedy,Female,38,Dominican Republic,Asia,West Zachary
CUST330,William Ritter,Female,49,Mauritius,Oceania,East Martin
CUST331,Bryan Perez,Female,58,United States Minor Outlying Islands,South America,Lake Paulmouth
CUST332,David Thomas,Male,29,Turks and Caicos Islands,Africa,North Markside
CUST333,Cody Lopez,Male,28,Saint Helena,Asia,New Alexandria
CUST334,Joshua Thomas,Male,65,Nepal,Europe,South Rachel
CUST335,Tanya Marshall,Female,70,India,Europe,East Sharon
CUST336,Victor Riley,Female,43,Djibouti,Europe,Port Megan
CUST337,Holly Cooper,Female,18,Saint Vincent and the Grenadines,North America,New Anthony
CUST338,Holly Miller,Female,56,Comoros,North America,Shannonbury
CUST339,Joseph Ritter,Male,51,China,North America,South Brandonberg
CUST340,Evelyn Bernard,Male,65,Libyan Arab Jamahiriya,Oceania,East Linda
CUST341,Joshua Chapman,Male,41,Svalbard & Jan Mayen Islands,Oceania,Jenniferstad
CUST342,Timothy Rodriguez,Female,40,Burundi,Africa,Krausechester
CUST343,Christine Fitzgerald,Male,49,Spain,Oceania,Lake Christinemouth
CUST344,Peter Cortez,Female,23,Sweden,Oceania,Lake Lindseyberg
CUST345,Kyle Pearson,Male,66,Fiji,Asia,West Lisa
CUST346,Andrew Richmond,Male,42,Guyana,South America,Lake Christopher
CUST347,Karen Castillo,Female,49,Bosnia and Herzegovina,North America,Gatesmouth
CUST348,Ariel Jones,Female,34,Saint Vincent and the Grenadines,North America,West Matthew
CUST349,Dawn Crawford,Male,25,Algeria,Oceania,Mitchellshire
CUST350,Robert Serrano,Female,21,Slovakia (Slovak Republic),Asia,New Troymouth
CUST351,Brandon Hunt,Female,43,Chad,Africa,Baileyfurt
CUST352,Ann Rojas,Male,58,Guinea,Europe,North Jessicaton
CUST353,Ms. Kristen Faulkner MD,Female,30,Christmas Island,Oceania,Hunterland
CUST354,Robert Salas,Female,55,Monaco,North America,West Bobby
CUST355,Reginald Wiley,Male,43,Switzerland,Oceania,East Steven
CUST356,Melissa Velasquez,Female,23,Western Sahara,Oceania,West Alexandermouth
CUST357,George Owens,Male,64,Brunei Darussalam,Asia,Lake Christopherberg
CUST358,Eric Moore MD,Male,68,Yemen,Oceania,New Robertport
CUST359,James Cook,Male,65,Timor-Leste,South America,New Claytonland
CUST360,Jason Gutierrez,Male,33,Guyana,Asia,East Sharon
CUST361,Joseph Baker,Female,49,Niue,South America,North Kiara
CUST362,Susan Chaney MD,Male,37,Tonga,Africa,New Briannafort
CUST363,Michael Howard,Female,23,Macao,South America,Marshallshire
CUST364,Amy Wood,Female,43,Turks and Caicos Islands,Europe,South Julia
CUST365,Erica Wilson,Male,42,Somalia,Asia,Johnport
CUST366,Mark Walker,Male,39,Canada,North America,Rebeccabury
CUST367,James Marquez,Male,64,Norway,Africa,West Claytonshire
CUST368,Laura Rocha,Female,39,Nicaragua,North America,South Debra
CUST369,Carla Anderson,Male,18,Bulgaria,Europe,Port Jenniferhaven
CUST370,Adam Phillips,Male,35,Holy See (Vatican City State),North America,Powellside
CUST371,Jeffrey Greene,Female,37,Papua New Guinea,Africa,South Crystalbury
CUST372,Paul Jones,Female,56,Mauritius,Asia,North Caroline
CUST373,Michael Hernandez,Male,40,Slovenia,Europe,Gillborough
CUST374,Lori Greene,Female,67,Guyana,Oceania,Lake Donald
CUST375,Anthony Johnson,Female,21,Palestinian Territory,Oceania,Jenniferland
CUST376,Dennis Benton,Female,19,Switzerland,Europe,Josephchester
CUST377,Nathan Myers,Female,22,Slovakia (Slovak Republic),Asia,North John
CUST378,Kelly Newton,Male,32,Burkina Faso,Oceania,Evansbury
CUST379,Natalie King,Female,64,Thailand,North America,North Thomas
CUST380,Shannon Bender,Female,58,Romania,Europe,North Sarah
CUST381,Oscar Wyatt,Female,18,Qatar,Oceania,Jeffreyfort
CUST382,Sarah Walter,Female,66,Malta,Europe,West Kelliton
CUST383,Benjamin Nelson,Female,59,New Zealand,Asia,Clarkbury
CUST384,James Holmes,Female,29,Bolivia,Oceania,South Elizabeth
CUST385,William Robinson,Male,29,New Caledonia,South America,Stevensmouth
CUST386,Lisa Thornton,Female,59,Somalia,Africa,Port Vickimouth
CUST387,Kayla Hill,Male,43,Monaco,Africa,West Paulaland
CUST388,Robin Perez,Male,42,Bouvet Island (Bouvetoya),Oceania,Wrightville
CUST389,Luis Davies,Female,61,Rwanda,Asia,West Monicaside
CUST390,Thomas Johnson,Female,56,Saint Lucia,Asia,Shannonborough
CUST391,Emma Hernandez,Male,20,Turkey,Asia,Calebshire
CUST392,Mrs. Tina Sandoval,Female,18,Brazil,Oceania,East Christina
CUST393,Jordan Pham,Male,70,Barbados,Asia,Oscarfurt
CUST394,Michele Smith,Male,70,Iraq,Oceania,Lake Lindsay
CUST395,Joseph Molina,Male,30,Saint Pierre and Miquelon,Europe,Summersborough
CUST396,Manuel Edwards,Male,33,Cocos (Keeling) Islands,North America,Kyleberg
CUST397,Zachary Jones,Male,46,Indonesia,Africa,Christophermouth
CUST398,Amanda Wells,Female,39,Sierra Leone,North America,Johnland
CUST399,Heather Mcbride,Female,51,Saint Pierre and Miquelon,North America,New Joyshire
CUST400,Tara Chen,Female,27,Equatorial Guinea,Africa,Petersonport
CUST401,Sierra White,Female,39,Saint Barthelemy,Oceania,South Lori
CUST402,Francis Jarvis,Male,63,Saint Vincent and the Grenadines,Africa,South Michaelstad
CUST403,Joy Moore,Female,24,Bahrain,Africa,Brucestad
CUST404,Elizabeth Wright,Female,56,Serbia,Oceania,North Dianachester
CUST405,Christopher Cline,Male,26,Mexico,Asia,Lake Kyle
CUST406,Jessica Williams,Female,63,Cuba,South America,Garciaville
CUST407,Catherine Thomas DDS,Female,63,Kiribati,Asia,Ruiztown
CUST408,Lisa Krueger,Female,23,Iraq,Africa,Macdonaldmouth
CUST409,Rhonda Martin,Male,51,Antigua and Barbuda,South America,East Mark
CUST410,Laura Malone,Female,61,Burundi,South America,North Shane
CUST411,Angela Edwards,Female,43,Aruba,Africa,Lake Maureen
CUST412,Chad Wells,Female,69,Malta,South America,Joeview
CUST413,Angela Harris,Male,65,Azerbaijan,North America,Jenniferstad
CUST414,John Foster,Female,69,Swaziland,South America,Saraland
CUST415,Nancy Peters,Female,65,Mali,South America,Lake Leonard
CUST416,Brian Moore,Female,58,Seychelles,Asia,Cruzfurt
CUST417,Kelly Green,Male,56,Bermuda,Africa,Blakeview
CUST418,Gerald French,Female,35,Malaysia,North America,East Thomas
CUST419,John Watts,Female,32,Benin,Asia,Perezton
CUST420,Stanley Turner,Female,48,Zimbabwe,South America,Jamesfort
CUST421,Parker Holder,Male,24,Gabon,Oceania,North Luismouth
CUST422,Heather Bishop,Male,60,Bahrain,Asia,Dianafort
CUST423,Stacey White,Female,54,Indonesia,Oceania,Adamsborough
CUST424,Mark Chang,Male,65,Dominica,Asia,West Jaime
CUST425,Peter Reyes,Male,55,Isle of Man,Africa,Kramerton
CUST426,Kristen Jackson,Female,34,Iraq,Oceania,Brianmouth
CUST427,Tonya Savage,Male,61,Niger,Asia,Briannaport
CUST428,Susan Guerrero,Female,69,United States Minor Outlying Islands,Oceania,West Rebeccaside
CUST429,Thomas Gonzales,Male,48,Benin,Europe,Reginaton
CUST430,Francisco Martin,Female,55,China,North America,West Donna
CUST431,Patrick Sherman,Male,60,India,Africa,Lake Frankville
CUST432,Katelyn Ramos,Female,36,Western Sahara,South America,New Patriciamouth
CUST433,Sarah Robertson,Male,70,Saint Helena,Oceania,Lynnland
CUST434,Tara Morris,Male,65,Angola,Europe,Port Jeremyport
CUST435,Beth Kennedy,Male,30,Equatorial Guinea,Europe,Alexisland
CUST436,Tracie Williams,Female,19,Greenland,South America,West Derrickville
CUST437,Patricia Adams,Female,31,Niue,Europe,Aaronhaven
CUST438,Christopher Glenn,Male,39,Ecuador,Oceania,Craighaven
CUST439,Adrian Jones,Male,54,Equatorial Guinea,Oceania,South Jeremy
CUST440,Angela Lee MD,Female,45,Turks and Caicos Islands,South America,New Brittany
CUST441,Steven Floyd,Male,35,Austria,Africa,New Suzannestad
CUST442,Randall Robinson,Female,27,Jordan,Europe,Port Caitlynburgh
CUST443,Kelsey Cabrera,Female,70,Saint Lucia,North America,Lowefurt
CUST444,Hayden Williams,Male,39,Greece,Europe,Michaelville
CUST445,Jessica Phillips,Male,37,Svalbard & Jan Mayen Islands,Africa,New Briantown
CUST446,Valerie Garcia,Female,38,Malawi,South America,Hernandezfurt
CUST447,Dawn Lyons,Female,29,Lebanon,Europe,Shawnborough
CUST448,Raven Jenkins,Female,63,Nicaragua,South America,South Donald
CUST449,Deborah Taylor,Female,54,Oman,Europe,Wrightberg
CUST450,Michele Smith,Male,33,Netherlands Antilles,Oceania,New Laurabury
CUST451,Robert Wells,Male,47,Macedonia,Europe,Port Isaacborough
CUST452,Miss Christina Miller DVM,Male,53,British Virgin Islands,Oceania,New Jacquelineport
CUST453,Jesus Barton,Female,31,Lao People's Democratic Republic,Europe,Port Travismouth
CUST454,Justin Dalton,Male,61,Sri Lanka,Asia,Lake Sarahshire
CUST455,Theresa Wilson,Female,42,Jordan,South America,Port Justin
CUST456,Connor Shaffer,Female,26,Azerbaijan,Oceania,West Latoya
CUST457,Stephanie Freeman,Female,36,Hungary,South America,North April
CUST458,Michael Alexander,Female,46,Nepal,Asia,Paulabury
CUST459,Emily Henderson,Male,49,Malaysia,South America,East Matthewland
CUST460,Joseph Henry,Male,69,Solomon Islands,South America,Lake Nicolas
CUST461,Jessica Mcclain,Male,61,Mayotte,North America,Dunnland
CUST462,Emily Smith,Female,18,British Indian Ocean Territory (Chagos Archipelago),North America,Port Dianechester
CUST463,Ashley Branch,Female,34,Malta,Africa,New Ann
CUST464,Sandra Berry,Male,68,Netherlands Antilles,North America,Joelborough
CUST465,Candice Trujillo,Male,42,Monaco,Oceania,Millermouth
CUST466,Lisa Cox,Female,42,French Southern Territories,Africa,Port Lauren
CUST467,Shane Robinson MD,Male,39,Mali,North America,Anthonyland
CUST468,Jennifer Mcgee,Male,25,Mongolia,North America,Petersonmouth
CUST469,Danielle Mathews,Male,61,Grenada,Europe,Murraychester
CUST470,Deanna Holt,Male,59,Nepal,Asia,South Calebside
CUST471,Thomas Johnson,Female,55,Madagascar,South America,Eugenefort
CUST472,Jeffrey Olsen,Male,32,Western Sahara,Oceania,Smithberg
CUST473,Stephen Fitzgerald,Female,31,Holy See (Vatican City State),Asia,Lake Jefferyfurt
CUST474,Valerie Byrd,Male,44,Rwanda,South America,Fergusonbury
CUST475,Gregory Santos,Female,47,Nepal,North America,New Amanda
CUST476,David Adkins,Male,66,Suriname,Africa,North Toddburgh
CUST477,Kevin Randall,Female,55,Falkland Islands (Malvinas),South America,New Ericfurt
CUST478,John Austin,Female,67,Liberia,Europe,Lake Russellton
CUST479,Crystal Riddle,Female,35,United Arab Emirates,Asia,New Miguel
CUST480,Vanessa Cox MD,Male,35,Belize,Oceania,West Brianchester
CUST481,Cynthia Sanders,Male,55,United States Minor Outlying Islands,Asia,Ryanton
CUST482,Ronnie Fischer,Female,34,Saint Pierre and Miquelon,Asia,Randyland
CUST483,Sean Perez,Female,20,Ghana,North America,South Laurenchester
CUST484,Amanda Hayes,Male,44,Northern Mariana Islands,Africa,West Philipstad
CUST485,Curtis Daugherty,Female,46,Estonia,Africa,Lake Daniel
CUST486,Mr. George Butler,Male,67,Guernsey,Asia,Annaton
CUST487,Brittany Carlson,Female,18,Iceland,Europe,Williamsport
CUST488,Sarah Gilmore,Male,52,Norfolk Island,Oceania,South Brian
CUST489,Brian Hardy,Female,66,Guinea-Bissau,Oceania,Levymouth
CUST490,Kenneth Curry,Male,69,United Arab Emirates,Europe,Mooretown
CUST491,Olivia Moore,Female,41,Micronesia,South America,North Brittneyfort
CUST492,Jerry Murphy,Male,49,Libyan Arab Jamahiriya,Africa,Johnsontown
CUST493,Eugene Lambert,Male,61,Cambodia,Oceania,Port Alexshire
CUST494,Leslie Brooks,Male,53,Isle of Man,North America,North Latashaland
CUST495,Edward Le,Female,28,Brazil,Africa,North Teresa
CUST496,William Hall,Female,69,Ghana,North America,East Christopher
CUST497,Kelsey Thomas,Female,55,Lesotho,Asia,Lesterchester
CUST498,Jesse Murray,Female,68,Antigua and Barbuda,Asia,South Shannonshire
CUST499,Chelsea Cole,Male,53,Monaco,Africa,South Mariachester
CUST500,Andrea Buckley,Female,42,Nauru,North America,Coopermouth
CUST501,Mark Martinez,Female,38,Tuvalu,South America,Jamesport
CUST502,Kyle Howard,Male,35,Mongolia,North America,Hendersonshire
CUST503,Mary Robinson,Male,61,Bahrain,Oceania,Port Angelside
CUST504,Daniel Coleman,Female,48,Bangladesh,North America,Lisaburgh
CUST505,Richard Mckinney,Male,33,Guam,South America,Jennifermouth
CUST506,Brent Trujillo,Male,21,British Virgin Islands,Africa,New Jessica
CUST507,Karen Higgins,Female,44,Comoros,Asia,East David
CUST508,John Smith,Female,39,Guatemala,South America,Justintown
CUST509,Hayden Byrd,Male,21,Korea,Africa,West John
CUST510,Gregory Higgins,Male,28,Ireland,Europe,Bellborough
CUST511,Mark Clark,Male,52,British Indian Ocean Territory (Chagos Archipelago),Europe,South Matthewchester
CUST512,Mrs. Julie Travis,Female,20,Jamaica,North America,Lake Kimberly
CUST513,Janet Pittman,Female,40,Switzerland,South America,North Charlottehaven
CUST514,Steven Frazier,Female,23,Slovakia (Slovak Republic),Oceania,Port Justinbury
CUST515,Patricia Pratt,Male,50,San Marino,Asia,Austintown
CUST516,Angela Castillo,Male,36,Hungary,Europe,Rhodesfort
CUST517,Monica Taylor,Male,55,Kyrgyz Republic,South America,West Deborahmouth
CUST518,Denise Jensen,Male,64,Mayotte,Oceania,Phillipsport
CUST519,Kelli Jefferson,Male,48,Turkey,Asia,East Madison
CUST520,Stephanie Webster,Male,42,Guatemala,Africa,Lake Randytown
CUST521,Nicholas Green DVM,Male,57,Spain,Europe,Port Conniechester
CUST522,Connie Wilson,Female,59,Mozambique,Europe,South Samanthamouth
CUST523,Nicole Palmer,Female,30,Dominica,Oceania,Christopherview
CUST524,Andrew Reid,Female,61,Isle of Man,Oceania,East Nancyville
CUST525,Dakota Collins,Male,33,Chile,North America,North Paulland
CUST526,Jesus Allen,Male,51,Somalia,Europe,New Brianna
CUST527,Fernando Guerrero,Female,26,Faroe Islands,North America,Port Tammyshire
CUST528,Victor Mason,Female,19,Cambodia,Africa,Lake Loriville
CUST529,Felicia Wallace,Male,35,Russian Federation,Oceania,Heidiburgh
CUST530,Andrew Williams,Male,44,Spain,Europe,West Jessica
CUST531,Jennifer Davenport,Female,50,Haiti,Europe,Beasleyborough
CUST532,Jeffrey Lopez,Female,18,Belize,South America,Port Michael
CUST533,Melanie Bernard,Male,20,Bangladesh,South America,North Christopher
CUST534,Christopher Hunter,Female,48,Mexico,North America,South Cynthia
CUST535,James Thompson,Male,28,French Southern Territories,North America,Lake Austinfurt
CUST536,Michael Parker,Male,25,Suriname,Asia,Port Emilyberg
CUST537,Stacey Carroll,Male,39,Senegal,Asia,Waltonton
CUST538,Sierra Matthews,Female,34,Malaysia,Europe,Bennettbury
CUST539,Michelle Sellers,Female,52,Netherlands,North America,East Rita
CUST540,Lisa Matthews,Female,67,Serbia,Oceania,Jonathanchester
CUST541,Brian Sanchez,Female,31,Liechtenstein,Europe,Brianland
CUST542,Brianna Pace,Male,55,Greenland,Asia,West Annaberg
CUST543,Benjamin Bush,Male,61,Tajikistan,Africa,Gabrielatown
CUST544,Kevin Rose Jr.,Female,32,Niue,Asia,West Joanna
CUST545,Megan Reed,Female,46,Morocco,Oceania,East Hollyland
CUST546,Hunter Baker,Male,22,Egypt,Africa,Gonzalezport
CUST547,Emily Hines,Male,31,Micronesia,Africa,North Marcus
CUST548,Deborah May,Female,34,Norfolk Island,Asia,New Gina
CUST549,Nicole Adams,Male,61,Nepal,Oceania,New Stephanieberg
CUST550,Rodney Meza,Female,33,San Marino,Africa,Hunterbury
CUST551,Lisa Vargas,Female,45,Georgia,Oceania,Hodgeborough
CUST552,Christopher Moran,Male,45,Kenya,South America,Reeseburgh
CUST553,Angela Peterson,Male,56,Dominica,Oceania,Joymouth
CUST554,Eric Benitez,Female,33,Montenegro,Asia,Schneiderton
CUST555,William Marquez,Male,24,Saint Kitts and Nevis,Europe,Joshuaside
CUST556,Eric Rivera,Female,26,Japan,Asia,North Zacharyfurt
CUST557,Samantha Atkins,Male,28,Norfolk Island,Africa,South Troyhaven
CUST558,Kevin Horne,Female,62,Jamaica,Asia,West Christine
CUST559,Gerald Tran,Male,61,Estonia,Oceania,Castilloside
CUST560,Derek Bowman,Male,24,Bermuda,Africa,Frazierchester
CUST561,Jesse Cooper,Male,23,Romania,Africa,Henryberg
CUST562,Robert Park,Female,41,Norway,Oceania,South Derek
CUST563,Manuel Reed,Female,42,Mauritius,South America,Dakotaborough
CUST564,Adam Walsh,Male,30,United States Minor Outlying Islands,North America,Wandaburgh
CUST565,John Ayers,Female,47,Liberia,Europe,Patrickberg
CUST566,Michael Jones,Male,59,Paraguay,North America,North Kyleville
CUST567,Nancy Dickerson,Male,65,Italy,South America,Port Spencer
CUST568,Sean Smith,Female,33,Iceland,Europe,Amandastad
CUST569,Brian Mccarthy,Female,54,Christmas Island,South America,Kellyville
CUST570,David Steele,Male,24,Singapore,North America,Port Christopherhaven
CUST571,Michael Williams,Male,34,French Southern Territories,North America,Port Johnberg
CUST572,George Perez,Female,37,Macao,Oceania,East Laura
CUST573,Jenna Mclaughlin,Female,32,Uzbekistan,Oceania,New Patricktown
CUST574,Aaron Anderson,Male,28,Afghanistan,Asia,East Daisy
CUST575,Andrew Booker,Male,44,Bermuda,Oceania,North John
CUST576,Nathaniel Medina,Male,70,Sudan,South America,Port Saramouth
CUST577,Nicole Campbell,Female,35,Palau,South America,Port Alexandraton
CUST578,Jordan Martinez,Female,59,Macao,Africa,Angelaberg
CUST579,Caleb Jones,Female,58,Croatia,Oceania,Suzanneborough
CUST580,Sean Gardner,Male,60,Hong Kong,North America,South John
CUST581,Jose Ball,Female,21,Zambia,North America,Jonshire
CUST582,Kelly Robertson,Female,37,Angola,South America,North Jennifer
CUST583,Nicole Brown,Female,33,Saint Lucia,Europe,Ashleyton
CUST584,Patrick Jackson,Female,19,Uzbekistan,Asia,Yvonnefurt
CUST585,Travis Mitchell,Male,63,Nicaragua,South America,Andresborough
CUST586,Gary Hartman,Female,37,Lithuania,Europe,South Craigchester
CUST587,Jennifer Phillips,Female,67,Turkey,South America,East Ericville
CUST588,Taylor Little,Male,62,South Georgia and the South Sandwich Islands,Asia,North Jessicashire
CUST589,Joshua Clark,Female,21,Saint Lucia,Europe,Lake Bradleyville
CUST590,Kimberly Richards,Female,35,Argentina,Africa,West Josephborough
CUST591,Katelyn Garcia,Male,61,Nauru,North America,Thompsonmouth
CUST592,Mitchell Lewis,Male,68,Philippines,South America,Kelseyshire
CUST593,Briana Washington,Female,57,Western Sahara,Europe,South Ryanfort
CUST594,Carolyn Parker MD,Female,41,Spain,Oceania,Williemouth
CUST595,Amy Peterson,Male,52,Monaco,Europe,South Laura
CUST596,Charles Knight,Male,47,Chile,South America,Connorville
CUST597,Heather Morton,Male,19,Mozambique,Africa,Christineburgh
CUST598,Timothy Hardin,Male,56,Saint Kitts and Nevis,Europe,New Joyland
CUST599,Douglas Hinton,Female,61,Bangladesh,North America,Rickfurt
CUST600,Melissa Perry,Male,44,Uzbekistan,Asia,New Jonathan
CUST601,Brittany Jackson,Male,57,United States Virgin Islands,Oceania,Williamshaven
CUST602,Lori Torres,Male,18,Burkina Faso,South America,Colleenview
CUST603,Robin Johnson,Female,46,Kuwait,North America,Chaseside
CUST604,Joshua Snyder,Female,41,Tanzania,Asia,New Barbaratown
CUST605,Wesley Keith,Female,22,Bulgaria,Oceania,Victorside
CUST606,Nicole Castro,Female,41,Cocos (Keeling) Islands,Africa,West Robertland
CUST607,John Fletcher,Female,68,Guernsey,Oceania,Waterschester
CUST608,Victoria Mendoza,Female,60,Mongolia,North America,Jacobberg
CUST609,Kathleen Bishop,Male,37,Jordan,Oceania,Levinemouth
CUST610,Donald Bryant,Male,35,Netherlands Antilles,Europe,Seanmouth
CUST611,Kathleen Benitez,Male,21,Jersey,Oceania,Andradeberg
CUST612,Martin Miller,Male,68,Mozambique,North America,West Fernando
CUST613,Mary Lindsey,Male,45,Jersey,Europe,Sharonton
CUST614,Jason James,Male,32,France,Asia,Wheelerhaven
CUST615,James Valencia,Male,26,Antarctica (the territory South of 60 deg S),North America,South Catherinemouth
CUST616,Peter Little,Female,36,Anguilla,Europe,East Ryan
CUST617,Nathan Williams,Female,59,Fiji,Europe,Fieldsmouth
CUST618,Edward Lopez,Female,35,Saint Helena,South America,Brendaville
CUST619,Kelly Holmes,Male,56,Vietnam,North America,South Thomasfort
CUST620,Patrick Herrera,Female,34,Vietnam,Oceania,South Jesse
CUST621,Robert Cunningham,Female,65,Tonga,Oceania,Suzanneview
CUST622,Lorraine Silva,Female,62,Qatar,South America,Heidimouth
CUST623,Gregory Oconnor,Male,51,Togo,Africa,Adrianaberg
CUST624,Billy Cook,Male,27,Palau,Europe,Port David
CUST625,Erika Hopkins,Male,43,Trinidad and Tobago,Europe,West Melody
CUST626,Erica Snyder,Female,24,Wallis and Futuna,South America,Port Jamie
CUST627,Jamie Tapia,Male,40,Cocos (Keeling) Islands,South America,Lake Christopherburgh
CUST628,Mackenzie Burton,Female,22,Indonesia,South America,Riosland
CUST629,Dana Bradley,Female,70,Vanuatu,North America,Williamsview
CUST630,Kathleen Rivera,Male,48,Nicaragua,Europe,New Candiceberg
CUST631,Roger Brown,Female,34,Syrian Arab Republic,North America,Atkinsmouth
CUST632,James Greene,Male,54,Albania,Europe,Marieville
CUST633,Victor Keith,Male,44,French Polynesia,North America,Port Justinfort
CUST634,Kimberly Miranda,Female,28,Trinidad and Tobago,Asia,Lake Bryanburgh
CUST635,William Long,Female,58,Djibouti,North America,South Tabithaton
CUST636,Rebecca Martin,Male,19,Tunisia,North America,Port Joelmouth
CUST637,Erica White,Female,41,Madagascar,North America,Randallborough
CUST638,Marie Odonnell,Female,64,Kenya,Oceania,Hernandezburgh
CUST639,Cynthia Nichols,Male,52,Lao People's Democratic Republic,South America,Port Marieton
CUST640,Melinda Moore,Male,39,Gabon,South America,Teresaland
CUST641,Michael Robinson,Female,64,Montserrat,Africa,South Eric
CUST642,Felicia Diaz,Female,40,Panama,Africa,North Amy
CUST643,Danielle Gomez,Female,38,Gabon,Asia,Port Kim
CUST644,Sandy Wilson,Female,20,Puerto Rico,North America,Lake Michelle
CUST645,Joseph Christensen,Female,28,Colombia,Asia,New Vicki
CUST646,Christine Martinez,Female,56,Christmas Island,Africa,Oliverborough
CUST647,James Gray,Female,68,Mexico,Oceania,Thompsonbury
CUST648,Courtney Becker,Female,59,Afghanistan,Africa,Milesmouth
CUST649,Tabitha Haynes,Male,22,Guatemala,Africa,Nelsonton
CUST650,Dustin Sexton,Female,67,Chad,Asia,Jenniferbury
CUST651,Sean Guzman,Female,60,Rwanda,North America,Gregoryfort
CUST652,Jessica Myers,Female,31,Spain,Oceania,Port Lisa
CUST653,Sandra Zuniga,Male,67,Greece,Europe,North Deborahberg
CUST654,Jim Lozano,Male,33,Timor-Leste,Europe,Joditown
CUST655,Maureen Pennington,Female,51,Germany,Europe,Mullinsborough
CUST656,Justin Miranda,Female,63,Bulgaria,Asia,East Grace
CUST657,Angela Briggs,Male,24,Monaco,Oceania,Port Jesseburgh
CUST658,Justin Burch,Female,56,Albania,North America,Howellland
CUST659,Kristen Singh,Female,44,Czech Republic,Asia,Lake Philip
CUST660,Christopher Potter,Male,20,Cayman Islands,Africa,Leonardville
CUST661,Christopher Rice,Male,64,Turkey,Asia,Victoriamouth
CUST662,Craig Nicholson,Male,54,Greece,Oceania,Port Kellyhaven
CUST663,Michael Johnson,Female,64,Holy See (Vatican City State),Asia,Port Jenniferview
CUST664,Lynn Weaver,Female,30,Nauru,Asia,Cranetown
CUST665,Anne Ward,Female,41,United States Virgin Islands,Asia,West Laurenstad
CUST666,Bryan Washington,Female,38,Turkey,Asia,Sherryton
CUST667,Albert Morris,Female,21,Saint Barthelemy,Africa,East Natasha
CUST668,Travis Barnes,Female,40,Cayman Islands,Africa,North Lorishire
CUST669,Tyler Strickland,Female,26,Honduras,Europe,Kellyview
CUST670,Peter Potts,Male,26,Tanzania,North America,Joseport
CUST671,Melissa Jackson,Female,35,China,South America,North Wesleychester
CUST672,Jennifer Rivera,Female,51,Barbados,South America,Browntown
CUST673,Thomas Taylor,Female,35,Brazil,Oceania,Beckmouth
CUST674,Michael Morrow,Male,36,Congo,Oceania,Thomasborough
CUST675,Barry Velasquez,Male,25,Tuvalu,North America,Katherinetown
CUST676,David Madden,Female,60,Switzerland,Europe,New Jeffrey
CUST677,Lisa Moss,Female,69,Cape Verde,Oceania,Traceyshire
CUST678,Bradley Hill,Female,59,Mozambique,North America,Port Nicholas
CUST679,Kevin Williams,Male,18,Portugal,Asia,Gilmoreville
CUST680,Scott Sullivan,Female,58,Georgia,Oceania,Bennettmouth
CUST681,Lee Wilson,Female,37,Jamaica,Africa,Richardside
CUST682,Alyssa Li,Female,61,Nauru,Africa,South Dianafurt
CUST683,Jessica Carpenter,Female,33,Liechtenstein,Africa,Johnside
CUST684,Dylan Moore,Female,61,Guernsey,Africa,North Sarahfort
CUST685,Rachel Schmidt,Female,18,Albania,Asia,Jonathanmouth
CUST686,Christina Smith,Male,63,Yemen,South America,Port Sandra
CUST687,Dawn Simmons,Female,31,New Caledonia,Oceania,East Pamelaburgh
CUST688,Casey Stewart,Female,44,Guinea-Bissau,Africa,Lake Melinda
CUST689,Richard Rodriguez,Female,60,Bahamas,Europe,East Ronald
CUST690,Angela Medina,Female,44,Sri Lanka,Europe,Robertsshire
CUST691,Chelsea Salazar,Male,34,Seychelles,Oceania,Josephfort
CUST692,Philip Wilkins,Male,40,Belgium,Europe,Jonesland
CUST693,Scott Russell,Female,63,Mexico,Africa,Martinfort
CUST694,Rita Bentley,Female,38,Guatemala,Europe,West Shelly
CUST695,Ian Sanchez,Male,42,Samoa,Europe,Lake Jennifermouth
CUST696,Richard Lee,Female,58,Saint Helena,Oceania,East Saraview
CUST697,Andrea Taylor,Male,56,Nauru,South America,Haleymouth
CUST698,William Thomas,Male,34,Jordan,Africa,New Melissa
CUST699,Pamela Johnson,Female,39,Burkina Faso,North America,Jenniferfort
CUST700,Danielle Carney,Female,39,Russian Federation,Africa,Port Chris
CUST701,Angela Chavez,Female,59,Germany,Europe,Kristabury
CUST702,Jennifer Haley,Male,23,Sweden,Africa,New Debra
CUST703,Kimberly Bowers,Female,54,Cote d'Ivoire,North America,Ravenmouth
CUST704,Johnathan Hodge,Male,22,Poland,Europe,New Kristin
CUST705,Marc Golden,Female,68,Samoa,Oceania,North Monicachester
CUST706,Catherine Bates,Female,35,Latvia,Africa,Simsview
CUST707,Kathy Thompson,Female,28,Tanzania,Europe,West Cynthia
CUST708,Richard Flynn,Male,26,Andorra,Africa,West Kevinstad
CUST709,Ronald Baker,Male,34,Benin,Asia,Bradleyfurt
CUST710,Kevin Branch,Male,46,Armenia,North America,Adamsport
CUST711,Cody Graham,Male,38,Fiji,Africa,Hicksborough
CUST712,Emily Villanueva,Female,48,Congo,Asia,Lake Anthonymouth
CUST713,Kelly Smith,Female,41,Portugal,Europe,Thomastown
CUST714,Robert Berry,Male,25,Djibouti,South America,Patrickview
CUST715,Michael Rogers,Male,24,Dominica,Europe,Osbornchester
CUST716,Douglas Briggs,Male,65,Gabon,North America,Port James
CUST717,Jesus Brown,Female,56,United States of America,Asia,Andersonside
CUST718,Henry Deleon,Female,58,New Caledonia,Oceania,South Michael
CUST719,Ronnie Pitts,Male,27,Jamaica,Oceania,Port Reneebury
CUST720,Charles Wheeler,Female,37,Kazakhstan,Europe,Harrisonchester
CUST721,Angela Phillips,Female,63,Kazakhstan,South America,East Randy
CUST722,Andrew Walker,Female,64,Canada,Europe,West Jennifer
CUST723,Rachel Brown,Female,19,Vietnam,Asia,Jacobsville
CUST724,Calvin Velasquez,Female,33,Marshall Islands,Africa,East Tamishire
CUST725,Mrs. Debbie Woods,Male,36,Tuvalu,Asia,Kathryntown
CUST726,Mr. John Santos,Female,45,Serbia,Europe,North Sandra
CUST727,Hector Cole,Female,38,Belize,Oceania,Luismouth
CUST728,Matthew Brown,Male,60,Paraguay,North America,Churchtown
CUST729,Mariah Newman,Male,21,Gambia,Africa,Gaineschester
CUST730,Matthew Chandler,Male,22,Guinea,Asia,Lake Andreabury
CUST731,Anthony Downs,Male,50,Switzerland,South America,Ellenport
CUST732,Jasmine Jones,Male,25,Macedonia,Africa,Lake Francisco
CUST733,Christina Hinton,Male,18,Barbados,North America,Courtneyborough
CUST734,Mrs. Amanda Salazar,Male,44,Cape Verde,Europe,Port Kristen
CUST735,Benjamin Haynes,Female,70,Turks and Caicos Islands,Africa,Julianside
CUST736,Kristin Lucas,Female,28,Israel,Oceania,Heathermouth
CUST737,Ashley Taylor,Female,35,Saint Lucia,Africa,New Johnshire
CUST738,Kari Smith,Female,70,British Virgin Islands,Africa,Stephenside
CUST739,James Wallace,Male,31,Georgia,South America,Lake Toddchester
CUST740,Danielle Wilson,Female,27,Burundi,Europe,Youngside
CUST741,Christina Morrison,Female,33,Gibraltar,South America,Carterburgh
CUST742,Jose Stuart,Male,33,Australia,Asia,Adamsside
CUST743,Chloe Valencia,Female,23,Oman,Oceania,Lake Timothyshire
CUST744,Jason Sullivan,Female,50,Cambodia,South America,Coxhaven
CUST745,Daniel Garcia,Female,19,Seychelles,Africa,Brownberg
CUST746,Dennis Murphy,Male,43,Sweden,Oceania,Smithberg
CUST747,Anthony Edwards,Female,60,Palestinian Territory,South America,Riosborough
CUST748,Barbara Thomas,Female,53,Kazakhstan,North America,Patriciamouth
CUST749,Molly Lynch,Female,48,Tunisia,Oceania,Williamburgh
CUST750,Mia Craig,Female,36,Syrian Arab Republic,Asia,New Codyshire
CUST751,Jacob Mccoy,Female,22,Falkland Islands (Malvinas),Europe,New Justin
CUST752,Christopher Schneider,Male,61,Mexico,Europe,Lake Geraldport
CUST753,Christopher Moreno,Male,66,Qatar,Asia,South Timothy
CUST754,Aaron Harrison,Female,23,Japan,North America,East Arthurtown
CUST755,Jordan Perez,Female,62,San Marino,Oceania,Lukeborough
CUST756,Michael Green,Female,27,Dominican Republic,Europe,Lake Austin
CUST757,Steven Miller DVM,Male,19,Niger,Asia,Port Melissa
CUST758,Jeremy Holt,Male,37,Cote d'Ivoire,Europe,Julieville
CUST759,Wayne Robinson,Male,53,Equatorial Guinea,Africa,North Thomasland
CUST760,Stephanie Dawson,Female,48,Iran,North America,Port Joann
CUST761,Morgan Jones,Male,24,Saint Helena,North America,Lake Daniellestad
CUST762,Diana Campbell,Female,35,Albania,Africa,West Linda
CUST763,Francis Hernandez,Female,33,Switzerland,Oceania,North Leslieberg
CUST764,Corey Shelton,Male,69,Rwanda,Africa,Lake Danshire
CUST765,Lauren Harris,Male,35,French Polynesia,Europe,North Anaberg
CUST766,Jordan Ramirez,Female,65,Netherlands,Oceania,Rhondafurt
CUST767,Shelby Flores,Female,51,Samoa,Europe,New Peter
CUST768,Zachary Jones,Female,47,Guatemala,South America,Dianechester
CUST769,Kayla Turner,Male,33,Liberia,Asia,Sarahchester
CUST770,Bonnie Rodriguez,Female,28,Portugal,Africa,West Amyville
CUST771,Misty Cook,Female,36,American Samoa,Asia,Bakertown
CUST772,Terry Morris,Male,44,Brazil,North America,Savagefurt
CUST773,Tamara Lee,Male,56,Cayman Islands,Europe,Campbellfort
CUST774,Victor Doyle,Male,23,Panama,Oceania,North Monica
CUST775,Kevin Kelly,Male,63,Zimbabwe,North America,Lake Benjamin
CUST776,Ryan Wang,Female,27,Haiti,North America,North Kylechester
CUST777,Amanda Ellis,Male,45,Isle of Man,Europe,Emilyton
CUST778,Courtney Smith,Female,27,Liberia,Asia,Port Karen
CUST779,Brittany Rodriguez,Female,68,Wallis and Futuna,Asia,Douglasbury
CUST780,Marcia Melendez,Male,48,Finland,Oceania,Port Albertfurt
CUST781,Jill Miller,Male,41,Panama,South America,Port Renee
CUST782,Ryan Griffin,Female,41,Mayotte,North America,Michellebury
CUST783,Juan Holder,Female,66,Chile,Europe,Burchshire
CUST784,Charles Goodwin,Female,61,Tanzania,Africa,New Elizabethstad
CUST785,Angela Martinez,Male,67,Saint Vincent and the Grenadines,Africa,Port Taylor
CUST786,Angel Wright,Female,22,Botswana,Asia,West Theresa
CUST787,Sergio Wallace,Female,68,Western Sahara,Asia,Alexanderville
CUST788,Elizabeth Fisher,Female,66,Italy,South America,Carlachester
CUST789,Robin Hall,Male,25,Australia,Africa,West Deanna
CUST790,Sarah Phillips,Female,48,Syrian Arab Republic,North America,Port William
CUST791,Nathaniel Walker,Male,43,Albania,South America,Port Brookechester
CUST792,Richard Rice,Female,55,Russian Federation,Oceania,West Daniel
CUST793,Jeanette Bradley,Male,42,Liechtenstein,Asia,Port Melvinborough
CUST794,David Francis,Female,66,Italy,Europe,Veronicaborough
CUST795,Andrea Smith,Female,23,Guyana,Europe,North Richardberg
CUST796,Stacey Williams,Female,53,Svalbard & Jan Mayen Islands,Africa,South Steven
CUST797,James Harding,Female,32,Bahrain,Europe,Karlaburgh
CUST798,Jillian Yang,Male,30,Suriname,Asia,New Reginaland
CUST799,Roger Hunter,Male,39,Egypt,South America,Scottmouth
CUST800,Colton Rollins,Male,32,Pitcairn Islands,South America,Cynthiahaven
CUST801,Rachael Evans,Female,47,Kenya,Africa,Smithton
CUST802,Kendra Hebert,Female,20,Korea,Asia,Port Nichole
CUST803,Dennis Knox,Female,55,Anguilla,Europe,Williamsmouth
CUST804,Edwin Hughes,Male,51,Niger,Africa,Ayalafurt
CUST805,Angel Blake,Female,20,Kuwait,South America,West Albertport
CUST806,Michelle Hammond,Female,33,Liberia,Oceania,New Candaceville
CUST807,Mary Warner,Male,62,Suriname,Africa,Stephanieborough
CUST808,Elizabeth Burton,Female,55,Spain,North America,New Caleb
CUST809,William Rogers,Female,31,Liberia,North America,Mcculloughmouth
CUST810,Jerry Humphrey,Male,61,San Marino,Oceania,Lake Jamesshire
CUST811,Elizabeth Munoz,Female,20,Oman,Africa,Deanborough
CUST812,Dustin Vaughn,Male,18,Slovakia (Slovak Republic),Africa,New Jesse
CUST813,Robert Buchanan,Male,25,El Salvador,Europe,Laurastad
CUST814,Matthew Welch,Female,28,Myanmar,South America,Weaverburgh
CUST815,Anthony Salinas,Female,26,Zambia,Oceania,South Tiffanymouth
CUST816,Tracy Freeman,Female,54,Pakistan,Africa,West Brett
CUST817,Mary Richardson,Female,49,Taiwan,Asia,East Sara
CUST818,Erik Greer,Female,18,South Georgia and the South Sandwich Islands,Asia,West Calvin
CUST819,Tiffany Collins,Female,51,Honduras,Oceania,Stonemouth
CUST820,Elizabeth Johnson,Female,31,Uruguay,Oceania,Port Jaimemouth
CUST821,Jonathan Evans,Female,64,Myanmar,Asia,Port Miguel
CUST822,Carolyn Dunn,Male,18,Lebanon,Asia,Brownside
CUST823,Barbara Frey,Male,18,Ghana,Europe,West Williamport
CUST824,Melissa King,Female,36,Norfolk Island,South America,South Jessechester
CUST825,Olivia Wright,Female,29,Colombia,Europe,Port Kayla
CUST826,Maria Brown MD,Male,48,Yemen,Asia,Lake Rebeccaside
CUST827,Susan Henry,Male,40,Senegal,North America,Jasonfort
CUST828,Jeffrey Jackson,Female,61,Chile,Oceania,South Barbaraton
CUST829,Anthony Mann,Male,33,Norway,Europe,West Danielle
CUST830,Sharon Reeves,Female,35,Kazakhstan,North America,Brianville
CUST831,Christopher Mills,Male,57,United States Virgin Islands,South America,South Karlborough
CUST832,John Allen,Male,58,Singapore,Asia,South Sean
CUST833,Lynn Moore,Male,64,Germany,Oceania,Michaelberg
CUST834,Laura Simon,Male,62,Moldova,Europe,Nelsonfort
CUST835,Colin Watson,Female,61,Syrian Arab Republic,Asia,Caitlinberg
CUST836,Paul Wilkins,Female,18,Heard Island and McDonald Islands,Asia,Port Stephen
CUST837,Katrina Moreno,Male,66,Georgia,South America,Maxwellchester
CUST838,Natalie Warren,Male,65,Qatar,North America,Kimberlybury
CUST839,Joseph Gutierrez,Male,70,Slovakia (Slovak Republic),South America,Reynoldsport
CUST840,Molly Howell,Female,66,Congo,Oceania,North Sandra
CUST841,Jessica Clark,Male,68,Micronesia,Oceania,Erinville
CUST842,Stephen Garcia,Male,70,Marshall Islands,North America,East Jamesstad
CUST843,Max Cooper,Male,69,Fiji,North America,Port Luke
CUST844,Richard Roberts,Female,40,Guatemala,South America,Robertfort
CUST845,Rick David,Male,22,Algeria,Europe,East Adamton
CUST846,Kyle Crawford,Female,47,Ghana,Asia,South Markport
CUST847,Leslie Durham,Male,27,Hong Kong,Asia,South Sharon
CUST848,Mark Li,Female,61,Bolivia,Africa,Brooksshire
CUST849,Megan Shelton,Male,19,Panama,Africa,East Stephenville
CUST850,Christine Young,Female,59,Ukraine,North America,West Catherinefurt
CUST851,Alicia Acevedo,Female,49,Kuwait,Europe,North Matthew
CUST852,Zachary Nelson,Male,54,Vietnam,North America,Normanmouth
CUST853,Jacqueline Ballard,Male,38,French Guiana,Oceania,New Alexandramouth
CUST854,Crystal Gonzalez,Female,43,Luxembourg,Asia,Wardtown
CUST855,Natalie Wilson,Female,31,South Africa,Asia,West Stevenhaven
CUST856,James Watson,Female,45,Uganda,South America,West Lisaburgh
CUST857,Joan Mendoza,Female,34,Antigua and Barbuda,Europe,New Kennethburgh
CUST858,Christina Lang,Male,40,Guatemala,Oceania,East Gregory
CUST859,Paige Mccall,Male,67,Svalbard & Jan Mayen Islands,Asia,Port Samuel
CUST860,Erica Watkins,Male,18,Seychelles,Europe,North Mason
CUST861,Tammie Cook,Female,24,Ecuador,South America,East Marcusfurt
CUST862,Roger Turner,Female,22,Belgium,Africa,Simmonsborough
CUST863,Todd Joseph,Female,25,Togo,North America,East Bryan
CUST864,Christopher Mcclure,Female,51,Niger,North America,Vaughnton
CUST865,Kimberly Edwards,Male,31,Wallis and Futuna,North America,East Tyler
CUST866,Janet Spencer,Male,55,Bulgaria,North America,Shannonville
CUST867,Melissa Shaw,Female,30,Austria,Africa,Kathrynhaven
CUST868,Mr. Michael Cohen,Male,39,Saint Pierre and Miquelon,North America,East Teresa
CUST869,Renee Miles,Female,33,Kiribati,Africa,Stephanieburgh
CUST870,Jason Beard,Female,41,Iran,Africa,Calebbury
CUST871,Theresa Wong,Female,37,Slovenia,North America,New Nathaniel
CUST872,Miguel Coleman,Female,18,Saint Pierre and Miquelon,South America,New Kimberlyside
CUST873,Elizabeth Hernandez,Female,19,Ireland,Europe,Port Brendaland
CUST874,Hannah Parker,Female,18,Wallis and Futuna,North America,Maysberg
CUST875,Christopher Richards,Female,37,Belgium,North America,West Michael
CUST876,Scott Chung,Female,33,Somalia,Oceania,Thomasville
CUST877,Mark Cook,Female,51,Puerto Rico,Oceania,North Michael
CUST878,Christopher Adams,Female,68,Hungary,Oceania,Tiffanytown
CUST879,Todd Hernandez,Male,46,Austria,Asia,Annettebury
CUST880,Teresa Gould,Male,51,Gambia,North America,Port James
CUST881,Christopher Todd,Male,54,Kiribati,Europe,New Sarah
CUST882,Christopher Williams,Male,52,Australia,Africa,Juanport
CUST883,Matthew Hanson,Female,41,Saint Lucia,South America,Matthewbury
CUST884,Jesse Marsh,Female,25,Mozambique,Asia,Port Alicia
CUST885,Teresa Sloan,Female,46,Norfolk Island,North America,Greershire
CUST886,Kevin Thomas,Male,28,Norfolk Island,Oceania,New James
CUST887,Anthony Miller,Male,39,Tunisia,Africa,North Tina
CUST888,Anthony Smith,Female,39,Jamaica,Oceania,Benjaminview
CUST889,Matthew Knight,Male,27,Burundi,Europe,East Natashafort
CUST890,Gabriel Mack,Male,57,Lebanon,Asia,Dawnville
CUST891,Mary Schultz,Male,59,Korea,South America,Port Melanie
CUST892,Benjamin Gray,Female,55,Moldova,Europe,Morenoborough
CUST893,Thomas Patton,Male,56,Bhutan,Africa,South Sean
CUST894,James Anthony,Female,30,Gibraltar,South America,Ortizhaven
CUST895,Stephanie Wright,Male,50,South Africa,South America,Melissatown
CUST896,Aaron Williams,Male,44,Latvia,North America,Floresview
CUST897,Brandon Rivas,Female,58,Czech Republic,Africa,West Lindsey
CUST898,David Johnson,Female,41,Palau,Europe,Patelberg
CUST899,Martin Webb,Female,20,Portugal,Africa,South Christopher
CUST900,Nina Flores,Male,66,Guam,Asia,Gonzalezton
CUST901,James Daniels,Female,61,Papua New Guinea,Oceania,Johnsonmouth
CUST902,Bryan Ingram,Female,32,Kenya,North America,South Kimberly
CUST903,Mario Vargas,Male,60,Lao People's Democratic Republic,Asia,Guerrerochester
CUST904,Becky Carr,Female,29,Cyprus,Europe,Fishermouth
CUST905,Nicole Singleton,Female,49,Wallis and Futuna,South America,Shawtown
CUST906,Alicia Sanchez,Female,27,South Georgia and the South Sandwich Islands,Europe,South Rebeccafort
CUST907,Michael Arellano,Female,53,Iran,North America,South Deannaview
CUST908,Mrs. Michelle Moore,Male,58,Eritrea,North America,New Teresaburgh
CUST909,Jennifer Ware,Female,22,Serbia,South America,South Ashley
CUST910,Ashley Miller,Male,36,Kuwait,North America,Aaronchester
CUST911,Carrie Luna,Female,43,Venezuela,Oceania,Hollandfort
CUST912,Omar Carpenter,Male,40,Kyrgyz Republic,Asia,Lake Mitchellport
CUST913,Frank Cameron,Male,27,French Guiana,Asia,Port Jacquelineborough
CUST914,Heather Maldonado,Female,52,Chad,Oceania,New Todd
CUST915,Andrea Smith,Male,64,Saint Barthelemy,Africa,Lisastad
CUST916,Crystal Caldwell,Male,23,Myanmar,North America,West Pamelaside
CUST917,Kelly Taylor,Female,23,Cambodia,Asia,Kingborough
CUST918,Jeffery Reyes,Female,56,Mongolia,South America,Lake Alexisbury
CUST919,Raymond Silva,Female,52,Botswana,Asia,Morganstad
CUST920,Rebecca Landry,Female,35,Belize,South America,Pattersonton
CUST921,Kyle Macias,Male,33,New Zealand,Oceania,Harrismouth
CUST922,Barbara Morrison,Female,58,Nicaragua,Europe,Loweryfort
CUST923,Jeanne Hurst,Female,33,Samoa,Asia,New Jilliantown
CUST924,Linda Parker,Male,56,Saint Lucia,South America,Ortizburgh
CUST925,Dr. Joseph Ray,Male,42,Montenegro,Asia,South Courtneymouth
CUST926,Mr. Kurt Caldwell,Male,46,Falkland Islands (Malvinas),Oceania,Juliehaven
CUST927,Marc Cherry,Male,67,Suriname,Oceania,Howellstad
CUST928,Tammy Douglas,Female,60,Armenia,Oceania,Port Raymond
CUST929,Daniel Terry,Female,52,Singapore,Africa,Carpenterburgh
CUST930,Jared Silva,Female,49,Lebanon,South America,Rioston
CUST931,Brandon Taylor,Female,46,Nigeria,Oceania,South Billmouth
CUST932,Travis Montoya,Male,56,Montenegro,Europe,Ryantown
CUST933,Greg Wise,Male,60,Honduras,Oceania,Port Jacqueline
CUST934,Tom Valencia,Female,48,Qatar,Oceania,Port Lori
CUST935,Miguel Marquez,Male,38,Kyrgyz Republic,Asia,East Tinafort
CUST936,David Smith,Female,19,Azerbaijan,Asia,East James
CUST937,Martin Ward,Male,58,Saint Kitts and Nevis,Africa,Stephanieport
CUST938,Michael Newman,Male,24,Malta,South America,Williamsmouth
CUST939,Jennifer Tran,Male,39,Congo,Europe,Josephbury
CUST940,Jason Spencer MD,Female,33,Uganda,Asia,Lake Kelly
CUST941,Stephanie Thompson,Female,41,Isle of Man,Europe,South Dustin
CUST942,Rachel Marquez,Female,54,Saint Kitts and Nevis,South America,Port Richard
CUST943,Chelsea Sanders,Male,21,Panama,North America,Port Bonnie
CUST944,Angelica Perez,Female,68,Bahrain,Oceania,South Christine
CUST945,Linda Cooley,Female,68,Canada,Europe,Clarkside
CUST946,James Tyler,Female,24,Italy,Africa,Thomasville
CUST947,Ann Fox,Male,54,New Caledonia,South America,Markshire
CUST948,Cameron Williams,Male,28,Nicaragua,South America,Charlotteland
CUST949,Jenna Smith,Female,28,Denmark,Asia,Scottview
CUST950,Katelyn Hall,Male,63,Czech Republic,North America,South Grant
CUST951,Jesse Yang,Female,33,Israel,Oceania,Lopezchester
CUST952,Christian Arellano,Male,27,Germany,Europe,South Michelle
CUST953,Lindsey Keller,Female,61,Greece,Asia,Davidsonbury
CUST954,Brian Mendoza,Female,21,Belize,Oceania,Allisonmouth
CUST955,Brittany Miller,Male,67,Palestinian Territory,South America,Mendozashire
CUST956,Ann Gallegos,Female,22,Latvia,South America,Port Johnfurt
CUST957,Justin Miller,Female,56,Mauritania,South America,Lisabury
CUST958,Jennifer Allen,Female,68,Anguilla,North America,South Michelleton
CUST959,Gary Hernandez,Female,48,Kazakhstan,Asia,East Ethan
CUST960,Matthew Garrison,Male,37,Gambia,Europe,Sheriburgh
CUST961,Shannon Clements,Female,67,Montenegro,Africa,Chaseshire
CUST962,Lisa Lee,Male,51,Palau,South America,Dawnmouth
CUST963,Kimberly Carlson,Female,37,Iraq,Europe,Garciaburgh
CUST964,Jesse Combs,Female,36,Suriname,Europe,Joshuaborough
CUST965,David Ward,Male,62,Netherlands Antilles,Oceania,Littleland
CUST966,Jessica Rivera MD,Male,35,Thailand,Europe,South Veronica
CUST967,Erin Rodriguez,Male,41,Bhutan,North America,Bookerland
CUST968,Holly Barrett,Male,55,Togo,Asia,Patelstad
CUST969,Kimberly Green,Male,60,Nigeria,Europe,Stephenchester
CUST970,Kyle Booker,Female,50,Bahrain,Africa,New Karenview
CUST971,Gregory Olson,Male,67,Mauritius,Africa,Triciachester
CUST972,Anna Moody,Female,37,Dominica,Europe,East Jennifer
CUST973,Anthony Romero,Male,28,Saint Martin,Africa,Allisonfurt
CUST974,Dr. Erin Wagner,Female,35,Timor-Leste,Africa,Bethhaven
CUST975,Nathaniel Stewart,Male,52,Costa Rica,Europe,Averybury
CUST976,Sherry Booth,Female,66,Switzerland,Europe,Gregorystad
CUST977,Robin Sullivan MD,Male,61,Somalia,Asia,Houseside
CUST978,Carol Hobbs,Female,26,Mauritania,South America,West Richardfurt
CUST979,David Adams,Male,23,United Kingdom,Asia,East Edwardshire
CUST980,Melissa Johnson,Male,60,Monaco,North America,Bonnieborough
CUST981,Brian Sanders,Female,64,Afghanistan,Asia,North Ronaldberg
CUST982,Sean Kelly,Female,38,Tokelau,Asia,Port Marystad
CUST983,Ronald Manning,Male,32,South Georgia and the South Sandwich Islands,South America,Sabrinaview
CUST984,Megan Stout,Female,37,Bhutan,Europe,South Jonathanland
CUST985,Suzanne Walter,Male,65,Lao People's Democratic Republic,South America,Lake Melissa
CUST986,Tabitha Smith,Female,24,Venezuela,South America,North Jasonbury
CUST987,Susan Howell,Female,38,Swaziland,North America,Bradleyberg
CUST988,Jamie Fritz,Female,58,Guinea,South America,Lake Haileyborough
CUST989,Katherine Johnson,Male,53,Egypt,South America,West Stacy
CUST990,Johnathan Chapman,Female,28,Uruguay,Oceania,Larryville
CUST991,Matthew Humphrey,Male,66,Panama,Asia,West Janetmouth
CUST992,Margaret Knight,Male,43,Germany,Africa,Benjaminside
CUST993,Leslie Vincent,Female,27,Cameroon,North America,New Corey
CUST994,Jonathan Curry,Male,45,Nigeria,North America,North Douglaston
CUST995,Alexis Waller,Female,21,Holy See (Vatican City State),Asia,East Kathleen
CUST996,Jonathan Gibbs,Male,35,Bouvet Island (Bouvetoya),South America,Ramirezshire
CUST997,Ashley Greene,Male,41,Algeria,Oceania,Joshuastad
CUST998,Anna Pena,Male,61,Saudi Arabia,Africa,Ochoatown
CUST999,Audrey Mitchell,Female,42,Montserrat,Europe,Cruzshire
CUST1000,Samantha Wilkinson,Male,57,Nigeria,Asia,East Anthonyfort